<?xml version="1.0" encoding="UTF-8"?>
<beans xmlns="http://www.springframework.org/schema/beans"
	xmlns:xsi="http://www.w3.org/2001/XMLSchema-instance"
	xsi:schemaLocation="http://www.springframework.org/schema/beans 
	http://www.springframework.org/schema/beans/spring-beans.xsd"
		default-autowire="byName"
		default-lazy-init="true"
	>

	<bean name="customerRepository"
		class="com.cg.repository.HibernateCustomerRepositoryImpl"/>

	<bean name="customerRepositoryy2"
		class="com.cg.repository.HibernateCustomerRepositoryImpl" scope="prototype">
		
		<!-- <aop:scoped-proxy/> -->
		
	</bean>


	<bean name="customerService" class="com.cg.service.CustomerServiceImpl"
			scope="singleton" >
		
		<!--  SETTER INJECTION-->
		<!-- <property name="customerRepository"  ref="customerRepository"/> -->
		
		<!--  CONSTRUCTOR INJECTION-->
		<!-- <constructor-arg index="0" ref="customerRepositoryy2"/> -->

		<!--  LOOKUP METHOD-->
		<!-- <lookup-method name="getRepo" bean="customerRepositoryy2"/> -->


		
	</bean>

</beans>






<!-- 	<bean name="customerRepositoryy2"
		class="com.pluralsight.repository.HibernateCustomerRepositoryImpl"/>
 -->
<!--  	<bean name="customerService" 
 				class="com.pluralsight.service.CustomerServiceImpl" 
 					scope="prototype"
 						autowire="constructor"
 					
 					>
 					
 					 	</bean>
-->
 					
  			<!-- <constructor-arg index="0" ref="customerRepositoryy"/> -->		
 					
 			<!-- <property name="customerRepository" ref="customerRepositoryy"/> -->		
 					
 					 






<!--  setCustomerRepository(CustomerRepository ref)-->


	
	
	
	
	
	
	
	
	
	
	
	

<!-- 
	<bean name="customerService" class="com.pluralsight.service.CustomerServiceImpl" 
		autowire="default"> </bean>


	<bean name="customerService" class="com.pluralsight.service.CustomerServiceImpl" 
		> 
		<property name="customerRepository" ref="customerRepository" /> 
		
		</bean>
 -->
 
 <!-- 	<bean name="customerService" class="com.pluralsight.service.CustomerServiceImpl" 
		> <constructor-arg index="0" ref="customerRepository" /> </bean>
 -->


<!-- 	<bean name="customerRepository"
		class="com.pluralsight.repository.HibernateCustomerRepositoryImpl" />
 -->



	<!-- <bean name="customerRepository2" class="com.pluralsight.repository.HibernateCustomerRepositoryImpl" 
		/> -->



	<!-- <bean name="customerService" class="com.pluralsight.service.CustomerServiceImpl" 
		autowire="constructor"> </bean> -->

	<!-- <bean name="customerService" class="com.pluralsight.service.CustomerServiceImpl" 
		> <constructor-arg index="0" ref="customerRepository" /> </bean> -->




<!-- <bean name="customerService" class="com.pluralsight.service.CustomerServiceImpl" 
	autowire="byType"> </bean> -->

<!-- <bean name="customerService" class="com.pluralsight.service.CustomerServiceImpl" 
	> <property name="customerRepository" ref="customerRepository" /> </bean> -->


<!-- <bean name="customerService" class="com.pluralsight.service.CustomerServiceImpl" 
	> <constructor-arg index="0" ref="customerRepository" /> </bean> -->


