<?xml version="1.0"?>
<!DOCTYPE hibernate-mapping PUBLIC "-//Hibernate/Hibernate Mapping DTD 3.0//EN"
"http://hibernate.sourceforge.net/hibernate-mapping-3.0.dtd">
<!-- Generated Jul 15, 2013 2:53:22 PM by Hibernate Tools 3.4.0.CR1 -->
<hibernate-mapping>


	<class name="com.cg.beans.Person" table="Person">
		<id name="id">
			<column name="ID"/>
			<generator class="identity"/>
		</id>

		<property name="age" type="int">
			<column name="AGE"></column>
		</property>
	
		<component name="address" class="com.cg.beans.Address">
			<property name="city" type="string">
				<column name="CITY"/>
			</property>
		
			<property name="pinCode" type="int">
				<column name="PIN_CODE"/>
			</property>
		
		</component>
	
	
	
	
	</class>
    
    
    
    
    
</hibernate-mapping>
