<?xml version="1.0"?>
<!DOCTYPE hibernate-mapping PUBLIC "-//Hibernate/Hibernate Mapping DTD 3.0//EN"
"http://hibernate.sourceforge.net/hibernate-mapping-3.0.dtd">
<!-- Generated Jul 15, 2013 2:53:22 PM by Hibernate Tools 3.4.0.CR1 -->
<hibernate-mapping>
    <class name="com.cg.Item" table="Item">
    	<id name="id" type="int">
    		<column name="id"/>
    		<generator class="identity"/>
    	</id>
    
<!--     	<set name="bids">
    		<key column="ITEM_ID"/>
    	
    		<one-to-many class="com.cg.Bid"/>
    	
    	</set>
 -->    
    
    
    
    	<property name="codee" type="string">
    		<column name="code"/>
    	</property>










    
    
		<set name="simpleImages" table="ITEM_SIMPLE_IMAGES">
			<key column="ITEM_ID"/>
			
			<element type="string" column="fileName" not-null="true"/>
		
		</set>


		<set name="componentImages" table="ITEM_Component_IMAGES">
			<key column="ITEM_ID"/>
		
			<composite-element class="com.cg.Image">
				<parent name="Item"/>
			
				<property name="name" type="string"/>
				<property name="sizeX" type="int"/>
				<property name="sizeY" type="int"/>
			</composite-element>
		</set>
    </class>
    
    
    
    
    
    
    
    
    
    
    
    
    
    
    
    
    
    
    
    
    
    
    
    
    
    
<!--     <class name="com.cg.Bid" table="BID">
    	<id name="id">
    		<column name="bid"/>
    		<generator class="identity"/>
    	</id>
    
    
    	<many-to-one name="item" class="com.cg.Item" not-null="true">
    		<column name="ITEM_ID"/>
    		
    	
    	</many-to-one>
    
    
    </class>
 -->    
    
    
    
    
    
    
    
    
    
    
    
    
    
    
    
</hibernate-mapping>
